x,y
-0.2582222052410316,0.337229172157673
0.039237282288914765,0.34199629156051203
-0.18185445664556601,0.45414978626313646
-0.16952649765468172,0.5316631086457883
0.15753541205016752,0.5127727501351149
0.013495455753153196,0.6224341964983434
-0.02940563134772304,0.4392438979501536
0.04615511319731937,0.46035927971183516
0.07009887324385096,0.47029374377571403
0.16245423211777005,0.5132583181181839
0.021736477138785473,0.48137984132410255
0.12219101377331579,0.6400280231484851
0.4035312337935622,0.5448148293158418
-0.11085891988284403,0.43573407277996756
0.07833527934025702,0.49600129800051046
0.027968018357211466,0.5470969647388769
0.07143842510267645,0.42769229867122427
0.09563879743794537,0.4357157655050049
0.21031655088337922,0.6481502057944335
-0.03698547846502932,0.35790315095924863
0.2113706022290743,0.49023757711072224
0.19957843523979651,0.3384108789384803
0.01374794073536767,0.45824079889849567
0.02258045715771255,0.5512460658936588
0.08881734443305933,0.5635090481948815
0.08260956428763996,0.2795102019613148
0.24718919448737614,0.45900249121182174
0.1290355357019658,0.4831855586428114
0.058320113270503154,0.4883701992055113
0.22172387705449398,0.20880619699952846
0.3154658252476554,0.5835730855172037
0.4128310391341906,0.6417189244701751
0.2501971085713601,0.4910760247686139
0.4111907423665248,0.4592357670355508
0.214165563190666,0.5318052115260452
0.030261307145651256,0.23646583342769883
0.3467269485327059,0.3471557461646009
0.31301704521133544,0.439743709266521
0.17415287134469684,0.4814309983630205
0.4440901361747669,0.3570397426274857
0.25119823803313424,0.39913156087410523
0.04169579772217641,0.44659565399114126
0.20957020575924595,0.4862634420055518
0.0846669935117767,0.4121183653342599
0.44960303291176307,0.3275832197774296
0.3306951385714091,0.42150982752521904
0.18198305581328456,0.4083745944352903
0.21575425840219675,0.41629688759944483
0.24452959575716343,0.27113075665411357
0.412591266339521,0.32287099600367447
0.45971020715146693,0.22894680538813228
0.210362248499318,0.5243784899415239
0.30974434470371054,0.2556480996587205
0.22911551771591834,0.4765334219580224
0.35802729254572374,0.35332995947046264
0.33008299084210285,0.3940628472287521
0.4516149399217061,0.5559892925847869
0.29361621199301585,0.23780795979253197
0.16596183412710042,0.5939787831319072
0.3896053118310543,0.47791888886288214
0.388716162148091,0.27119193394848906
0.44764986860106293,0.5254008747397445
0.43253317801876395,0.3444244315174912
0.48006138669964976,0.3225531753948862
0.603007658204715,0.17377144324146715
0.2925136653350793,0.2955577284224369
0.5752043313448771,0.34036228932980656
0.6090993939404501,0.28826698317988453
0.5027729091747294,0.3391073093217207
0.39912978327782456,0.25470914684156665
0.33027246960834955,0.22486779430228465
0.22984994652556576,0.22473790369983265
0.5478300702785559,0.4019741794115964
0.19146210628598634,0.3659662274450031
0.26134717203100766,0.35386047546903915
0.46875448752414567,0.3067536643582244
0.33697649219349635,0.3055674351671803
0.3569051965115583,0.3657429029389239
0.38019187712130353,0.35048562984271225
0.4682458940607295,0.1537774046420608
0.39654681845214196,0.22241354151500398
0.4220555577710303,-0.028507616497006116
0.4744458138509197,0.23177182537608076
0.5008091466329103,0.40005252016683446
0.4919344273328168,0.2573605165504042
0.3954717232821764,0.21462463041393445
0.2780238600789382,0.04952451550049758
0.44930850280085977,0.20572099586764414
0.5525634195472808,0.3629994801833162
0.3232990281996688,0.20012007928552275
0.43735963913694803,0.2682739166523963
0.5571874321140269,0.1055859444700816
0.5509989088833116,0.12990853379844258
0.4987218642334129,0.16478630002436834
0.500347645480578,-0.09998755333726075
0.4451323006956357,-0.036589017461602785
0.52550875729777,0.22552997166031977
0.3654398449511519,0.1716539943930739
0.47883183053234135,0.18526991684711921
0.543878332235706,0.31716796514683654
0.4120773447165888,0.06430707446287798
0.34931078211103106,0.07381386213545296
0.4840045964303284,0.0657973560459432
0.3530170908351211,0.2433764496233058
0.5215084235284003,0.26776336480343266
0.46058716419780776,0.0970900397132511
0.4844180679116518,0.04122147418561678
0.6153712654293603,0.022125939570029715
0.35845599578289333,-0.015143656308857709
0.39551610359335454,-0.10542197620486536
0.6036100990257852,0.08214904610134842
0.44367579008100316,0.02385987632179975
0.5241646213690359,0.20921721160218432
0.6487088031151041,0.08557120370402616
0.4992208052134671,0.008077816080204824
0.682900656599856,-0.09496190768720222
0.5511508498089353,0.1295267063545981
0.41940999084525465,0.19348236916652706
0.6065882451826271,0.2431483122692532
0.3431283901897312,0.006576136871478913
0.48419918164789477,-0.03200980777453018
0.6276488071982314,0.03904086283159595
0.4783458408163365,-0.0696219872994153
0.5221083648234758,0.0049894293890307365
0.4686823833172348,-0.04788892360698557
0.6433038760870209,0.048668480833626175
0.6631934472403518,-0.04427671087798567
0.47369841006710406,-0.11671156629672527
0.49081688094426545,-0.12475367656349956
0.6277654211223326,0.0934507961236963
0.5014388456160387,-0.09068843158657028
0.4456763711502754,0.049901193174238793
0.3388740060736352,-0.043426695522648974
0.4228477187888066,-0.04065504596833203
0.35980098939686284,-0.10298858827465829
0.5527610461913814,-0.13550089491258066
0.4873779102318584,-0.001262210426613744
0.31083651182147953,-0.07228760537924238
0.4359896267866328,-0.062387099587539366
0.5037021891643498,-0.12014993301931712
0.632900870668538,-0.08018376541281412
0.47885392075596844,-0.20915289762953732
0.6339621559982173,-0.09382621440205174
0.5540548616718031,-0.29281537780764544
0.41164220349555064,-0.1134477198802144
0.3611362954467932,-0.17780452755404957
0.5872873661364237,-0.19349743488564114
0.5938972788471202,-0.13295580540567176
0.38780915734722665,-0.2601020588731544
0.29920359092217186,-0.19782161310262647
0.5892725557630815,-0.09824038690913617
0.37390046124180953,-0.23976614555512626
0.31199913004228375,-0.243045044210212
0.6794550738280825,-0.23393206131285288
0.5735984326680159,-0.1864136041991824
0.4753473269552557,-0.0677502091913831
0.483046639247386,-0.18267819675238112
0.2734820121194588,-0.1753373577274115
0.41265213547744495,-0.3122493313929654
0.4915862165774824,-0.18371482853668736
0.30782500817276226,-0.32986558585742437
0.2631361075651748,-0.0959376858924785
0.544459336180412,-0.41194539103269356
0.3129687735198902,-0.048054591657725715
0.5063353295579038,-0.13416067520877012
0.47419217377628614,-0.28378741301010946
0.41354644546830305,-0.16797785005630195
0.39317732186569077,-0.09797523943960265
0.5897494529462887,-0.1729754858556563
0.5022905568937345,-0.39921931745168404
0.6496624097392641,-0.2848859636722871
0.3852898498121167,-0.18481401230256003
0.5586070855149112,-0.4261345785788361
0.4324328977092147,-0.23334998716792063
0.3853436731155576,-0.15038489557610898
0.2862256455660486,-0.30284621084025515
0.5551541320029004,-0.28781789462271806
0.48094454409410936,-0.18386257392852623
0.43001970349363566,-0.3606377453730937
0.20707057913259472,-0.19899654165856945
0.2365379970567061,-0.3035114064971979
0.4145781045577879,-0.3023553349374426
0.3314950368847704,-0.366306712686276
0.3111050049543033,-0.43260512860479633
0.19748028657348615,-0.5157918080367703
0.3664858455246717,-0.5060963533825703
0.3673810143117126,-0.4716622672931553
0.3062386637059483,-0.4028952118401948
0.45043405381425444,-0.31182040624157864
0.37010968689285173,-0.4272789322694378
0.22569434570468896,-0.3352844305915666
0.3343106781239228,-0.2723955343483527
0.2868012712032985,-0.31360164593249346
0.4543174298044257,-0.3763412302802972
0.3465610052072741,-0.4152454939105578
0.36416698747396625,-0.3503303801294255
0.3097785290232166,-0.33202941582083356
0.2807839329731487,-0.4080852703240472
0.1986570422480558,-0.5361768797290178
0.3470193858363897,-0.2914182961498768
0.39194613089094277,-0.3925476244136456
0.17320092244664897,-0.4229837124773852
0.09893034893827768,-0.596545078816456
0.344370298491579,-0.5005728622293599
0.2761021755692375,-0.4490029972324222
0.2487062441545475,-0.21423284601430498
0.21294463225832955,-0.42325989013746296
0.20863937066219182,-0.5933587812323523
0.4006474814234102,-0.42296527899714487
0.24749853008837533,-0.5252246789524901
0.24962294310236133,-0.5133769888213204
0.37883320162615086,-0.4226134722407583
0.3696533812354754,-0.579736141060047
0.216805225421083,-0.5069500702117558
0.21767306562640382,-0.4446391604024613
0.0852774484973095,-0.35506990449782183
0.33160649209523735,-0.312279254202245
0.10422986856272878,-0.43545058228530253
0.23723857239556392,-0.382649378213495
0.19649068194391367,-0.4164513718061722
0.10621092227599503,-0.47864401750336166
0.062006945068291394,-0.4183005853021817
0.06706787405909133,-0.6452644665518509
0.14170139299739823,-0.4911379567366347
0.24381709379007888,-0.46706094763606293
0.2977853936389996,-0.4411507019769127
0.14766267993752688,-0.6995853180212408
0.05255987127066983,-0.45550024807391365
-0.1582758331561502,-0.4766768961114062
0.06543354417821046,-0.6501607377619885
-0.01820355028962252,-0.4410307375902602
0.0315118998948716,-0.5114636988411848
0.14845491548394568,-0.3409292687242771
0.13700109162606405,-0.7090469771072851
-0.04830033500833,-0.5335156430999477
0.10834699442349739,-0.5948427411453373
-0.029927582845279674,-0.4434996549461512
0.08545195848693067,-0.6206117439560945
0.028461010734549902,-0.5746838750036183
0.061022395175544746,-0.4779295236212308
0.03294194015417105,-0.5953116982558132
0.07309354075319241,-0.36809861726098636
0.029539294050500414,-0.4620270660952005
0.1208858311720273,-0.4815666936974532
0.25382628240959404,-0.37052141870648947
-0.026026332820734015,-0.3869500867879407
-0.14739966086933776,-0.4523820132278664
0.025206418427243867,-0.570151460400588
0.07198561549737986,-0.4368125100616835
0.03481869440081404,-0.5783361996105882
0.00860542550070769,-0.4979436998077454
0.21526548150027325,-0.6389485402403452
-0.07515221400115239,-0.5559968319566556
0.20837725796979972,-0.435710066809646
0.029700344400198093,-0.49278994653615543
-0.18330339947467664,-0.6405408875511958
-0.017721280791317656,-0.5175892889315449
-0.12742045485666484,-0.3979875277729293
-0.05681314822201246,-0.4605842303028438
-0.049302313119688725,-0.43989566121528395
-0.17269018555304289,-0.46033552834592717
0.04411562530224496,-0.4923800643880395
-0.016506303558488,-0.5110518411926684
-0.2546792220680989,-0.5761220859762659
0.05044247752216943,-0.6040893937978337
-0.05492981411628471,-0.44416619693645576
-0.09201622118797968,-0.5739795656168182
0.004669517664401587,-0.32676407846056543
-0.07981126916376484,-0.4784428832876754
0.05257358545401093,-0.5625379007177285
-0.2306292563335293,-0.41097877304000435
-0.29559802327024665,-0.5221378371761597
0.09608343751274567,-0.39057499349069436
-0.1503999491323617,-0.6116676081462847
-0.026660787715485607,-0.4618075745150796
-0.3234159457678035,-0.6652402334616062
-0.08602355577197701,-0.4703060870311932
-0.09830466906399335,-0.38335036483441076
-0.21334864011972893,-0.3665262287131046
-0.38372151531511506,-0.3718219045962541
-0.20866063351464398,-0.4017097664193181
-0.2884944933863073,-0.3867072693483185
-0.14420419347091312,-0.48438573892097353
-0.15378289434529632,-0.5637577442832639
-0.282722234448705,-0.3521943302241947
-0.35652420436195753,-0.5428511699384913
-0.20188283228245085,-0.5444709602786622
-0.20715624234654448,-0.45450102379089624
-0.13874027734003014,-0.5298609591527705
-0.18415252438739063,-0.38407198631242334
-0.13573763228366964,-0.520801786789547
-0.19150559483528373,-0.3314104670781068
-0.29337776099539153,-0.5785494107080411
-0.2585493608827874,-0.3528894470595653
-0.097459315674262,-0.44051964307328445
-0.2263990135623673,-0.4905076362261907
-0.29517747585292714,-0.3182049724969129
-0.4001456510164899,-0.5251483894707665
-0.4137743055658879,-0.36104815907451365
-0.34384513394505034,-0.4870502363047138
-0.3781102554427365,-0.5305218468275179
-0.3860652263492087,-0.45838042698468867
-0.3621864157092588,-0.39795510888653796
-0.26249614643182406,-0.35465810324758523
-0.33415786761877997,-0.39602181491897637
-0.1842167679644892,-0.3729545642355844
-0.21821943486638368,-0.21441978884515708
-0.43929207996206,-0.38149195583746426
-0.3856620446851724,-0.5520416775985509
-0.34682424410033164,-0.3010449596454031
-0.3432092089638256,-0.32567246159071056
-0.4185275702223548,-0.3888026528559952
-0.3924162799689883,-0.41013197433576876
-0.4128340137903176,-0.3453714900315858
-0.4367953461983432,-0.4456965582523388
-0.3510451242904543,-0.2649052138069132
-0.23310530260707876,-0.29765619486031775
-0.2509557047245294,-0.28324836586468594
-0.4721563475306692,-0.2285431045906744
-0.3144389129970999,-0.420471571042626
-0.4541115722105294,-0.5455297960679037
-0.439488295052337,-0.25190799020441035
-0.24764704647134642,-0.3930932199574633
-0.524454549026702,-0.25014216161553715
-0.29945366693086134,-0.3592888032617986
-0.47241999059685436,-0.24875031714286713
-0.5944995231300608,-0.3438685773554879
-0.493241537372757,-0.22914397101405332
-0.42141947853656764,-0.2843135001854663
-0.3527339307962443,-0.3684989070920659
-0.6059773634555428,-0.08800349546603231
-0.34307369078308575,-0.2331149064353087
-0.38755303453649975,-0.14754667697158796
-0.46889859131566164,-0.10419123630618798
-0.5323011117517581,-0.27140150494108356
-0.35483714431420316,-0.2299324313030025
-0.44358765885929985,-0.08093944014214494
-0.3340279140009442,-0.057596263016476607
-0.4389415979664135,-0.3131626562537195
-0.48157442663204786,-0.11616460706227175
-0.44046303660245417,-0.2731365036777944
-0.48687223813509733,-0.16263972916836034
-0.43755952481906774,-0.19938367490339387
-0.43957694437723904,-0.17577128884303378
-0.40961162012070174,-0.08529720264907362
-0.3381749365282745,-0.19671238265166344
-0.5202903743793585,-0.1590648537946173
-0.44115816521750745,-0.0462045174829305
-0.5467144709342233,-0.0687419209972866
-0.481860862728487,-0.24743993778460283
-0.4114911312810505,-0.09983375691784234
-0.4661496405304282,-0.08283462294182764
-0.3271488669822763,-0.1162650554478592
-0.43827433629439977,-0.21840518037923234
-0.3965682823814528,-0.15957588822816743
-0.6367181181847359,-0.05982510148359264
-0.5878986828720045,-0.2162416515385385
-0.4511341901859855,-0.041409376076160506
-0.7464189595027011,-0.10277698863113294
-0.48268896200986633,-0.07756750284404197
-0.3094853687101953,0.014744055350112764
-0.6474843746563987,0.11178199697823749
-0.39203767826275293,-0.08979134892362907
-0.43291220782129103,-0.03190519322191641
-0.398256317850919,-0.01972779562591781
-0.5377139388887553,-0.06304585588059475
-0.527212977105495,-0.15216135876713038
-0.6309767121302247,0.12458966303774247
-0.5717021360104746,0.010040258188755292
-0.6179175624281918,-0.1715772964966786
-0.4461559070562577,-0.0782941541773914
-0.47236097960249224,-0.022062843761450426
-0.48353321654590775,-0.005022270852313439
-0.5864996035162988,-0.02945014953078943
-0.450606901244191,-0.04280564272915633
-0.36355710323520474,-0.030948520310502246
-0.4051004155004307,0.04119100399936711
-0.49390486428831465,0.14322424967941694
-0.567672224280787,-0.11113128006244574
-0.4232188827592504,0.023458627424455848
-0.48740153031591954,0.04103683036916247
-0.44923340455222116,0.1299645877530765
-0.5676633361996405,0.019325008709437753
-0.4572555120635765,0.10205188544849038
-0.48131353746762595,-0.03530964107423977
-0.6670106796706597,0.10245677883115879
-0.38063818291394097,0.21455320907035458
-0.5956700282323601,0.33198511523768603
-0.6652280219823241,0.16112742677708697
-0.5892288262978013,-0.041191531390800604
-0.40743254081669444,0.22987094235465738
-0.5571055847911316,0.06090860606379784
-0.40994507102901934,0.00975388947700119
-0.5965296619803577,-0.10748070797260872
-0.3437863407666189,0.053432101067343335
-0.5349821281421571,-0.0894749680567287
-0.37224542861426496,0.14315234132233795
-0.5225992866942667,0.15311254978906755
-0.5355371938091669,0.12138619957287403
-0.4179041594833725,0.20570341294805705
-0.5608758677120393,-0.02730094299051475
-0.44768258702232866,0.16892280729896986
-0.5991750748798246,0.15499637190877458
-0.3587719079217343,-0.011537844970767791
-0.4011559414702185,0.14626929771631958
-0.46292899682817984,0.21079560926392327
-0.30164202135364926,0.22626130646966855
-0.5718861342893427,-0.0018188021528330323
-0.6743347785581482,0.3104743421290486
-0.5278657963645258,0.363132026944872
-0.44852176175812747,0.1735794057012896
-0.27123437073809975,0.22456841134600947
-0.3213344771159,0.2977977943824158
-0.41001830015930757,0.08987007540312739
-0.5420464006878567,0.27878120794588657
-0.3653378572883743,0.30373769091762753
-0.6056027025707535,0.15933942524048733
-0.5437640577591233,0.2488543653538164
-0.34588305487997695,0.26189196305049844
-0.44634098390872007,0.10708506788123112
-0.35642560628615577,0.3280076521723855
-0.5134476142237913,0.291324117542676
-0.40004699226114376,0.37222665189746496
-0.4280544537153006,0.19482623747960243
-0.5021257893810857,0.24907511047766778
-0.24147476463476097,0.28379836592902113
-0.4759256180296497,0.1597810339004827
-0.3032185988263899,0.483584370806434
-0.4136993395698237,0.3321022949639854
-0.3397121712758912,0.27097733969692867
-0.5847046583362773,0.26623359910128785
-0.5025517113921381,0.20567546101744463
-0.5208389329745149,0.3541932032824069
-0.2816286846940842,0.19411552557717093
-0.25554777720763816,0.3901469040358185
-0.3223129929379581,0.49815644443996665
-0.33517959853429924,0.4274777447851225
-0.35236980341832663,0.22549905857772815
-0.4086934813041231,0.4709475442253583
-0.2836305545909077,0.4162324022583093
-0.3380074073180611,0.3590817847595075
-0.3512535815923635,0.46997890615830673
-0.39460012866418664,0.13607064628636234
-0.2074614959320934,0.2526432847943994
-0.3378006940933885,0.3625548989382335
-0.4747917544504923,0.47970300262213966
-0.28950247628812925,0.29316719318213036
-0.39084233557587506,0.5023191329864639
-0.16553914592056237,0.3682586388443311
-0.19565608586754618,0.4409326295732882
-0.4133457210767756,0.49616310020940907
-0.22944232647216048,0.40396690483113507
-0.24619671651309608,0.3685497036761962
-0.37768772316894755,0.37390372782375547
-0.05789088509742207,0.36329337938301176
-0.4188616134092784,0.38051699755658724
-0.39958994648076174,0.40675523054624196
-0.2698100160886897,0.25473892504651546
-0.3626290191028114,0.5472894312471447
-0.08768990410138547,0.42036684980990735
-0.2609875419998938,0.5835177990691132
-0.13700789983625325,0.32968932851527233
-0.2032258853674569,0.5057663661896984
-0.13156850265887673,0.31310202529586817
-0.0871328755110092,0.5395898576154401
-0.3060247429762041,0.6358478067758064
-0.30120032058902857,0.42116847172348726
-0.16359995600532665,0.37747174301693553
-0.1550730474033323,0.5085347042360588
-0.021970065750234663,0.256104517806984
-0.10685975637228014,0.4097991873353343
-0.21701020721696965,0.5586654073153682
-0.2585378228812166,0.5002217735384565
-0.30536091184652764,0.38365525434470166
-0.12252918854239284,0.5746198085768153
-0.13000175062959704,0.48907526647879573
-0.2901257675457049,0.2333835559331818
-0.19905459564248754,0.5161094133325762
-0.04169739249368766,0.45056520746898143
-0.006804526664585239,0.6326627954041705
-0.05226105492680015,0.6814658727620787
-0.09677198246318938,0.4994686026035091
-0.044525165883489745,0.3164506647874354
-0.15289164449591625,0.2719583169794959
-0.17262934475565292,0.4106336241176127
-0.011326578629469439,0.5075817520661003
-0.1483138865397852,0.40844251062326475
0.13057701297988125,0.6176396024030298
-0.10796558327996007,0.42077918574044687
0.06414108741478057,0.4778636019949141
0.005838296567343505,0.40216487804480017
-0.13535905472867518,0.5083252314431044
-0.11803710504306576,0.5396934347478294
-0.11773741344813471,0.6459491893302418
0.1057374640636102,0.39919439735042384
-0.10644551837059092,0.4340778336788257
-0.08010106911763551,0.5922047112168976
-0.09386398740485417,0.49221089815097563
-0.1506786365027038,0.49322131745529624
-0.09813818921829638,0.5288135796167389
-0.11127293215896882,1.5313679157871967
-0.03101119246385556,1.4200222298704661
0.05845545144052107,1.487092276101607
0.08677430443524933,1.5529459765521938
-0.07617411495601917,1.322252748726451
-0.0008274653802952531,1.4576937126534915
0.059796875217302335,1.5129436452440388
0.052508693216789096,1.685526064158793
0.08020887241693074,1.4788803080775539
0.02080249684727456,1.5098384833599638
0.16227984525301833,1.6116593001270607
0.07104967344935684,1.5572160446491154
0.17997281244581553,1.6071558543906481
0.2886881041956673,1.453515931472979
0.2879249819935821,1.4468741492059207
0.2328175330523247,1.3299508670738485
0.13133953655941288,1.404736772735773
0.4670926849601764,1.5232403547072193
0.4288464282083604,1.4889002581393835
0.4199571388915106,1.2387394985119737
0.5237926980913417,1.3394461831013902
0.6492546710826894,1.4469183769806957
0.32271730923413516,1.4803136775543306
0.5987507560459784,1.4296573449885228
0.4515236524068423,1.390219119805621
0.6073799178396746,1.2451961459712941
0.20040720107950294,1.558089770680309
0.4080453182730452,1.3544913280046704
0.5922526279728241,1.3210216705274846
0.6267398477907498,1.286714384858629
0.5148502844681004,1.3520900576979198
0.47614875474849483,1.4921135480307526
0.5539852705169307,1.2784432188442545
0.5282134558379499,1.6655921385159593
0.6542564807829454,1.2109660732875007
0.6313735951972719,1.2509577092084183
0.551823098009784,1.187235521381907
0.796806065902343,1.2339085119066708
0.7342200350476359,1.433751321663658
0.6261651897934184,1.3742107414198612
0.6823421830597763,1.5636408542026352
0.6460701708902732,1.2627353828092398
0.6931038548470406,1.2914810357877409
0.9167572242566882,1.588503461955529
0.8012619296762363,1.1285916339061817
0.7209076246522219,1.3834514103991618
0.8316798019292547,1.1932977363458452
0.8037460763411559,1.162885417760684
0.8630557231914505,1.2974525245083952
0.8601480766139955,1.2593330762320933
0.8387071664881345,1.2172410197443435
0.6892358641687539,1.09178881299904
0.837341354560932,1.1592435514396016
0.873241285375957,1.1176221447806058
1.0763719014206234,1.2195424208826475
0.9010490731380852,1.2509644939969518
0.9585268444672972,1.002650236658497
0.9987775621552347,1.0500744693178452
0.9359440566814896,1.0287673086466231
0.9718385826606156,1.0655959432326043
0.9694181269005862,1.0215797611426563
1.0544881586111863,1.1317352522382749
1.1966576239252242,0.9091558050272099
1.2494248098859746,1.0440436348682918
1.0471585242555421,1.0750967874467439
1.1767028394335413,0.9876451060233786
1.094122493969347,1.0978396290213148
1.2350817794145756,1.14285525360103
0.9539117225969544,0.8700664952610389
1.3075603174519035,1.0410359870822303
1.289681314460776,1.1826549640277577
1.1715599644311459,0.7823557748802501
1.179451393576065,0.9832832866540445
1.1309173117363862,0.9757925725119462
1.0165144378325013,0.9262078900669388
1.112258843756051,0.9732972286102941
1.3371367613147918,0.9317849103035039
1.3918648736954586,0.7661395015352617
1.3501482920312076,1.0933796233709525
1.157647673789599,0.8773198877853667
1.1979412593778374,0.9049051698004033
1.274725373199414,0.6700758389387889
1.0849941522425084,0.9317185606915699
1.354450556753047,0.7857560546510213
1.2018865982686722,0.7891741859853502
1.3749951002513552,0.6866135749559782
1.4177915180884058,0.6765784184838561
1.3540671082790163,0.7239533475365787
1.2742281319349174,0.7458334511239649
1.3228726687353334,0.8361354543065792
1.4237224340417398,0.6757855511231496
1.3459358645821589,0.4908618820371228
1.4273167260321227,0.5488723946285172
1.5120527872270622,0.5957519655204344
1.550724623398691,0.5486916610967341
1.2644687902210112,0.677743401634724
1.3062088603937332,0.6482336686093707
1.498620945914586,0.6108880078609867
1.4772593179021132,0.7089884005715064
1.3594357483815918,0.4497444894583804
1.4305702039744288,0.3920585418671926
1.378025302428783,0.3776414981298117
1.4576709372192156,0.34644579720500895
1.414453244816438,0.3487465629762873
1.3526183194025638,0.5629767568558723
1.4500006200765008,0.23206286622002348
1.4692754950883746,0.17471589865853324
1.472500902698204,0.36368599387666656
1.6430734274255356,0.1484741276489695
1.4725023222647642,0.3930742384923029
1.6341358430660105,0.2548491207029611
1.3720602028431352,0.27528744845682346
1.583559640901761,0.11993631286585921
1.4113560005994046,0.14479987737973538
1.556911273153317,0.07009554743742982
1.513983637740129,0.19415606219972353
1.7495770153758434,0.1887125604036344
1.5611267525917594,0.2996347962582351
1.5003738866474634,0.14025664446266556
1.5014001999956637,0.1304597264375419
1.640769134614128,0.22209033976159231
1.6586415541172812,0.2139162032611291
1.4845100278738501,0.05011378904086931
1.5379104926527467,0.008616843140024932
1.3513198030381708,-0.16440222009030792
1.4980041462761056,0.049667409868794275
1.5335181821147885,-0.11161295892099565
1.5913955772208097,-0.012959569304893597
1.5477714583765512,-0.1234209117552761
1.4660372185596868,-0.19779537348375525
1.4228313818903227,-0.006037284403821008
1.4979263793879367,0.07482597479319134
1.4269328521691016,-0.18173906762502826
1.5372887127021935,-0.12216973780554352
1.431460573021684,-0.33917722586008103
1.627302773722847,-0.3101278988343195
1.481475114817026,-0.000543500512480033
1.4030588704174494,-0.4537010891627272
1.4209373393838003,-0.23622908562254782
1.546931252760229,-0.3650770338209558
1.612558861296312,-0.25253176122848736
1.446629434311807,-0.376414241424735
1.3907831200061447,-0.2948239581433878
1.3392161123826514,-0.38235764680318773
1.5033453257345561,-0.41316755691350626
1.3922276750145406,-0.33040243509027933
1.5319375971054074,-0.35166089881060664
1.5514609485814015,-0.4903590377143646
1.5034625394353445,-0.40550963473804025
1.6240309459091726,-0.4512373466745593
1.338944066136015,-0.5181609110770602
1.4067527812020544,-0.5645020959908448
1.3943561813480523,-0.4221613658652388
1.5303904195772247,-0.6232157688687414
1.3834896752629922,-0.5323465044700555
1.3710427626417545,-0.3621685235802601
1.2678927125967023,-0.45579931580860905
1.3080081495705145,-0.46190286982700124
1.3556630282772058,-0.4479262919166538
1.354886363193275,-0.9081799971985551
1.3898750252325753,-0.6223063205845181
1.3136378955621117,-0.6145168432455435
1.1231482066071232,-0.776371721804841
1.2261935129025767,-0.7721354290380077
1.3410435758950752,-0.5793149370314645
1.3069258832576458,-0.568142835728298
1.483723073470935,-0.7951518051134795
1.522044810860604,-0.7625335823836071
1.2779160909709193,-0.5827865862210103
1.3454040512849559,-0.8141226218518071
1.3354161233756823,-0.7686458033836712
1.1746306877142487,-0.7813536076568572
1.2748790148224611,-0.9091386610727307
1.2809983500778412,-0.8306796411325921
1.2740575888193622,-1.0879360138587286
1.1608546977148502,-0.9901192934725492
1.3054825319845924,-0.7550119141904336
1.2344905056335642,-0.8584132049674292
1.22076955592558,-1.014778842920518
1.1005801561987116,-1.0961404218193345
1.1197257292138927,-0.8309003399025005
1.0891962317000252,-0.9840167595500252
1.05747271131461,-0.8845029706381987
1.1037738771240087,-1.138546303365541
1.1629234911984243,-1.1539768838895115
1.043120147110972,-1.1335984590247228
1.2144936703320939,-0.9819306667760802
0.9757447433382034,-1.1628664633943957
0.8120832267473433,-1.1058442520710792
0.9606450394495154,-1.0290735508622948
1.0754117092718458,-1.1134502744013122
1.1359639011838492,-1.006272765696012
0.9176142881396723,-1.3042735202936009
1.0359538107897726,-1.1345562415641859
0.8269457737669227,-1.1860807905539286
0.9481861044377976,-1.0966256956065066
0.8833738407093659,-1.246524888782282
0.8749765905517849,-1.163655883489579
0.9446145977564367,-1.142799278791378
0.8335557578516389,-1.2104749840332292
0.9082837802859571,-1.1156052940139087
0.7294233259682038,-1.1947711335580196
1.060621433042502,-1.2754103133771328
0.9218306887770925,-1.2064604963946117
0.8512814903625605,-1.156408006405226
0.9247977389500007,-1.3031455076419367
0.6064290721448446,-1.299036374015911
0.7691187491121164,-1.1791274909629612
0.5822830452563866,-1.1913313361016864
0.5982794163345319,-1.1703868398005712
0.7409169947026356,-1.07845981801572
0.9941663770582345,-1.2702330038732021
0.7759243354254215,-1.3425429237633981
0.5938599130348438,-1.2756062830168047
0.5098529800533397,-1.4143417816224586
0.6732703000888662,-1.4066430101246477
0.5811789364380796,-1.3674445041049694
0.48205360223615024,-1.4397312061958782
0.7285653266505625,-1.2343384211956945
0.45231545415916663,-1.3506689124407596
0.5557401533250357,-1.5302830762571031
0.351444475409888,-1.4565983021584317
0.5476554174643573,-1.5280199420135374
0.43556829922182255,-1.634925181319654
0.2992101412088261,-1.448027593451298
0.46347710083632393,-1.270547621236978
0.4050811323335236,-1.394872908926235
0.29718746656033623,-1.573435278142611
0.4411452739488912,-1.397313453071522
0.1938076239071969,-1.3812246036309155
0.2633849599473186,-1.429040429304256
0.24178440644684807,-1.5215649875190156
0.24924974779857262,-1.3656525725091346
0.3881866052644834,-1.3272698283432796
0.25331325663300575,-1.3158560063557594
0.3132669859367641,-1.4282876887440334
0.12205578119204327,-1.4353776128975624
0.17553671760071993,-1.5632442079715503
0.1327189262353427,-1.2606337635416769
0.2041910225673807,-1.492542026763453
0.08936165683735717,-1.4280751790511177
0.13449024213838995,-1.5658867691800873
-0.03207763209566933,-1.3982368032183834
-0.0002523857469721169,-1.4333312206663595
0.08529032435472204,-1.568606928982117
0.010067087760336393,-1.444456697439346
0.2820872476714732,-1.422926161933103
-0.1472316200115234,-1.2732846536956566
0.10865548234879203,-1.4018750227083754
-0.10364632724442714,-1.433191327203425
-0.020754743021884438,-1.388942798948768
-0.022036011401064343,-1.4445602002331286
-0.02974224896533415,-1.4655431434879689
-0.22819526898239567,-1.58765074366642
0.018864940944519126,-1.3574549664240663
-0.07116633967792985,-1.6453805500965137
-0.1528313167199159,-1.467735296313225
-0.34844148390444785,-1.4480959139021259
-0.2818350709432585,-1.5060174933589925
-0.11572506088512961,-1.3928410333559134
-0.07343852245068826,-1.4730993532588612
-0.20610962499967206,-1.2807060204894165
-0.17905284072964178,-1.6947740801536593
-0.3073051667142821,-1.3373782821811095
-0.18406928842422557,-1.3776887535889137
-0.06464937012147401,-1.536442674970477
-0.1544070576195313,-1.3188818663118334
-0.35454658782089443,-1.5085612530904107
-0.5065066276386384,-1.402465235627776
-0.43585750315206834,-1.3404921448250593
-0.5908136601662046,-1.5232761632575103
-0.42057029510399424,-1.5476152404091563
-0.26914970181167086,-1.511313127012316
-0.3990839655162934,-1.4337182560162793
-0.29319492887139675,-1.519606992687045
-0.4252050805914454,-1.409312285844737
-0.6274871099721838,-1.4762072962900792
-0.3491551949358731,-1.6245275963524473
-0.45366326988388356,-1.5066170661131235
-0.4286905513820808,-1.5035451581911747
-0.6887223516375376,-1.3337167218757424
-0.3133488236381285,-1.4102487300203528
-0.5778681727901828,-1.3268479204607324
-0.6243386331828344,-1.293743945289538
-0.6908528753410813,-1.3363283266364065
-0.6169552845703185,-1.4148633951558163
-0.7013162377881843,-1.3179114514594956
-0.583579754109339,-1.4219943252825624
-0.8182083706600618,-1.297571919670669
-0.7037042735457023,-1.394753635537505
-0.7860314408786772,-1.3825930201551968
-0.6978789384891386,-1.1912474245843374
-0.8343952235496268,-1.1230201936617032
-0.5455853692634559,-1.267041945515859
-0.6546063555756945,-1.3349308657802663
-0.7328956049025839,-1.0529810623954359
-0.7537532384659251,-1.1504182138120593
-0.8091434236203916,-1.2052482514973915
-0.8400153895322946,-1.3708618956540986
-0.7999891360951124,-1.179789382969728
-0.8498553715520947,-1.141053441684704
-0.8571699022894055,-0.9858736531235716
-0.9096886729574392,-1.08670962582258
-0.8604352371940764,-1.1400350765629672
-0.8093001550923975,-1.1282324081156099
-0.9814514401837126,-1.2860586452416056
-0.8469520217906774,-1.2481992283783556
-1.0500199391318679,-1.0122546176920042
-1.0408735818732178,-1.078350776156664
-0.8148224965300446,-1.1350813608057604
-1.2089014180285345,-1.0798675009289833
-1.0521358486476204,-1.0627599230191602
-1.1450661351957439,-1.0438119524200409
-1.0189849761730838,-1.0644352845180811
-1.1113136844119418,-0.917605637655218
-1.1600551383147042,-0.8482921138133193
-1.1645427362636844,-1.0611227930800209
-1.0785871367487798,-1.0815922705338985
-1.0616970985183045,-0.9682723882311387
-1.1427669423520113,-0.945296516606507
-1.2321466043600213,-0.9508010575101324
-0.9977552585604104,-1.1078867871316969
-1.2037351434022947,-0.8016463286796585
-1.1238138764484626,-0.8810592723595115
-1.2580988539230749,-0.9287797277625118
-1.199883964919682,-0.8039229878987645
-1.3670351321744107,-0.9115353129681857
-1.2214449400561247,-0.837591996507702
-1.198543699776985,-0.7972440994128803
-1.3249029349658878,-0.6105662530872284
-1.3790226597269064,-0.8103689141561565
-1.161662551389667,-0.7667321538636866
-1.141718703116349,-0.7104667533159056
-1.1326240245451573,-0.6278920022963095
-1.2317560456881607,-0.8532371995799156
-1.2246188170130152,-0.6728411636009423
-1.1980000967120144,-0.8945308478667615
-1.2869745195881288,-0.5333045906233804
-1.5182285407820486,-0.8393141619195581
-1.159991807833239,-0.7497787811399753
-1.6301607097414001,-0.6666166404207029
-1.3368766187690042,-0.37518416018210554
-1.470634695279568,-0.6596352147453022
-1.3700748917233943,-0.7769955271996948
-1.4537213596371394,-0.5609649672838133
-1.3746685662688323,-0.6689506952689657
-1.40348842708322,-0.563201023283108
-1.3320501714425976,-0.4727264768526158
-1.3245428563922697,-0.4500063263044496
-1.4536937382191382,-0.39699389338331237
-1.477212040877067,-0.47875071530486135
-1.423995119035418,-0.4240682009145274
-1.4902008551679171,-0.23076270276524893
-1.453424168851373,-0.4261585510673947
-1.6036799906072114,-0.3775968512620121
-1.4242141354188385,-0.5754367313142215
-1.6042856427652865,-0.284037374020128
-1.4937974576938982,-0.517005346507827
-1.2300291748333572,-0.23086527102266075
-1.3331995611274048,-0.42503794781782533
-1.603447154874252,-0.2118600434705667
-1.3921268106546405,-0.27565245069456334
-1.2800335482853613,-0.3321771402037037
-1.3140850836570739,-0.2269792340951361
-1.5823923995171947,-0.2586757739598073
-1.636126123842558,-0.25214318251375883
-1.6321474685397783,-0.10475490487418437
-1.468996360536713,-0.06448371787063213
-1.4897304022940245,-0.048550164102407686
-1.5396803201295934,-0.1947203085932576
-1.3651380420790844,-0.2341012805671099
-1.4535202492759738,-0.13480499511489183
-1.5055462467916556,-0.0742325701195333
-1.454841151350527,-0.030682564716541936
-1.5590824125251943,0.08991794802622766
-1.5664998558140861,-0.17604649597602903
-1.578103499001108,-0.048474048480237224
-1.5062801026925936,-0.08238665994233223
-1.4773309848923462,0.06323684968319865
-1.4874502583961953,0.13633644007757728
-1.405998723653667,0.006132201535593351
-1.4956999083866076,0.07735059955858872
-1.4758548603174142,0.1260315585959837
-1.7265970316733987,0.22333937505684895
-1.5935889569812658,0.20672604527772354
-1.40450923415477,0.2613957282655918
-1.5775306960804856,0.2712533211701543
-1.4967360528389364,0.21792902069740375
-1.5682946191079898,0.09410842849546014
-1.6621015818135474,0.2793953981566631
-1.5074987829535658,0.3291161587711792
-1.3620683646804839,0.3290186858180877
-1.4918400105358862,0.22530719217663114
-1.3819879502928276,0.43800969286846425
-1.3972543863480917,0.3773689165210326
-1.5339320208910294,0.3690400852187679
-1.4080032985612694,0.36630741671453687
-1.2186578004458086,0.5284740382823915
-1.435306658294304,0.47654168656532797
-1.4212720777992884,0.3715985495498082
-1.6682316344410257,0.5688918120513581
-1.4002259120653806,0.519896996012556
-1.5016637946304106,0.4460101719211259
-1.4781982659159096,0.6427656319882209
-1.3792080069460217,0.6052626589211361
-1.283480819124654,0.5280991531788941
-1.3210816979506632,0.39431914265676116
-1.4467247097684899,0.6401129446204525
-1.4584880953478263,0.7564783221454834
-1.320257658320189,0.6787732703374773
-1.3858021770861941,0.5848872308807245
-1.4939881350509758,0.6176987935442924
-1.3012339377083117,0.6260451299641261
-1.1792888146258895,0.6103849239027898
-1.2616063963087287,0.6963025614629337
-1.101210514698976,0.7512764538576668
-1.155420130734059,0.7583447464936157
-1.247929355452424,0.670544689644697
-1.3243173681677287,0.8287013895337509
-1.2764241161324905,0.732732436725769
-1.3464753852945852,0.6765018206719442
-1.2175762525538156,0.886541029306764
-1.1679958833870447,0.8616805507541365
-1.2323669808252813,0.9727252848697675
-1.1734940759359527,0.8104077926774979
-1.2491601562454246,0.8133161823440878
-1.1718317522245807,0.8639567021840087
-1.3118324483277761,0.95102096003762
-1.1650973040793697,1.0076190476182891
-1.2354369046625213,0.8548334805414728
-1.114323045559455,0.8762947487057705
-1.184530633407326,1.069678196100862
-1.0969759008576923,0.9948668408162537
-1.1048883126901976,0.9853480756530537
-1.0428030050698076,1.0235184970007738
-1.0748515745270746,0.9539545880567901
-0.9684819922485393,0.9462909532613596
-1.0138785495791205,1.0841521685256337
-0.9322097092475984,1.2329357390529723
-1.1006565187383048,1.111912191369057
-1.1223175030989805,1.0834475518635374
-1.0358710643245113,1.0561692114470145
-0.8819915627152598,1.324693971530622
-0.9799745037249968,1.2296525351631942
-1.0324611077937933,1.083968555961699
-0.9378602946654088,1.2030383269548839
-0.7587407961169996,1.155991690460855
-1.0454433508797185,1.2574309117454958
-0.7959487611948648,1.1685056796096387
-0.8621343699859919,1.2170421298366731
-0.8248352199700126,1.1911251514191261
-0.6563950578610479,1.113611607705459
-0.6911906384131111,1.2220632154392654
-0.9506337067553352,1.1627548029409311
-0.7042734209938346,1.3043725222335423
-0.8955166518582939,1.2574241261640406
-0.7791298880174244,1.164902474853804
-0.702463909124331,1.3083510732167307
-0.8512484089111726,1.131135185926272
-0.6612226762807492,1.361970829370514
-0.511899658908577,1.49215581620528
-0.7780059980131575,1.2554857355923292
-0.5817112253880696,1.3011542394139648
-0.6179109563808632,1.5082747880851937
-0.5926047775612789,1.2992942647505115
-0.8047089828671283,1.3387530589736265
-0.6007386034332066,1.4871757504461072
-0.5574476852108614,1.385567496840922
-0.7210800607150721,1.3119465389245346
-0.6395231397275447,1.2473183099030996
-0.42552301029383255,1.4044435041695575
-0.7270207301212874,1.4871653277820442
-0.5948667849736231,1.3284129799454314
-0.36122220469610766,1.4495133907900517
-0.2921357651288661,1.3213110178269183
-0.43914890663344436,1.5033758489939526
-0.3541899581286243,1.5982219407312876
-0.5949709484274668,1.44849472091983
-0.4670131561260367,1.3273258042616958
-0.2443437282487078,1.448260666460199
-0.319272145632854,1.5845038365942214
-0.2456638903951598,1.5898186189734562
-0.3254054216162737,1.276751034345748
-0.3980113091776417,1.281790282657605
-0.28752264976920505,1.4669104037963157
-0.22782692052010894,1.544842935422819
-0.2646055609868076,1.5160696692304814
-0.14599718886526095,1.6010248312673574
-0.38731449323607753,1.4706671618533322
-0.24952512593694387,1.4461930213895153
-0.3169626745897359,1.4091079494738583
-0.31091832738157577,1.4798828500791896
0.04045686486643252,1.441690696754898
-0.06846667686923906,1.60807159023946
-0.166172862710546,1.5203601825727613
-0.13305259382530546,1.4333772467196748
0.0012194995523740135,1.5641779684431796
0.05872023491723061,1.626248488580404
-0.21712739206885218,1.5280934540154687
-0.05086653030960944,1.5690166872551938
-0.343096908165071,0.18088904937855316
-1.273538917871901,1.6552593915348257
-1.9675263358876536,-0.23973155854399825
-1.4161416105132076,1.4811374735986134
-1.9034317738937747,-0.26887712503665473
-1.4764806914203688,-0.2768219683631916
-1.1327724092215763,1.8889148565936438
-0.3878705309517533,0.6663786027980866
1.3695453963984119,-0.7128107403929665
0.740603272655672,-1.1635687918910933
0.9326997844154803,-0.7045137772545074
0.40367814731799645,-0.3253768588124356
0.36771907014793154,-1.889825235259197
1.8873555944534166,1.7579956040640885
-0.9974570911540809,0.47134500436442445
-0.4526759944797979,1.5111096956112844
-0.7138268931257368,0.7555126345551607
0.07201905545607862,-0.23766660631219738
0.8136252852184185,1.6251591893926112
0.6321676393726168,1.3192421776005983
-1.4185107371670176,0.265553162108806
1.089495014984273,-1.892264952499104
-1.7527850441528745,-1.6757109746886611
0.8690571460784756,-0.583129850598771
0.13526355386109834,0.27016227765387096
-0.7365328356681429,0.8003586834946631
0.2893142810456848,0.4384368752696896
-1.1110947687233135,0.8237467087545918
-1.2946351330142312,-1.3151568275714651
-0.6265979207571307,-0.8941777452491977
-0.37193034735756336,0.7037396432919766
-1.0658926948181364,-1.714437106923586
-1.592020846031186,0.45142504588875537
-0.3987311124456573,0.26688573268133325
-1.6923330851649832,-0.32729018430148776
-0.25866555232028765,-0.14866466934989034
0.6518276201789375,0.6464230486748286
-0.5873850852982767,0.08736912279586515
-0.6475305272317506,0.6438210235489067
0.9691517554538045,-1.013905004447789
-1.3954158982383489,0.057736883222479024
-1.4305058246729985,1.1645060294629666
-0.45720830716093325,-0.5346463545396254
-0.3804624259951451,-1.5999849186177804
1.6933547878017414,0.19117185484409965
1.3205833830426188,0.13124612351334264
0.3538949735741607,0.07001877681189687
-0.924299729852532,1.7171585418420086
1.1318836539921613,1.8056630776551152
0.7968795146544362,-0.816165149513383
-0.6963521751477847,-0.23979572174169111
1.2299985939524054,2.0468548671347855
1.872568222510185,0.10632345862831484
1.1431702326470226,1.409466326946685
0.7657050338865363,1.356208693732139
-0.22571783560354705,0.5705338641085248
0.6133495507550092,-0.5172264281376022
1.6737449141266174,-1.0658789072788208
0.5151315431599347,-0.9719733411489668
-2.110571930097322,2.0989239346120225
1.7286895434488907,1.2925637888880641
-1.064565856727796,-0.9244189347862078
1.7675291427787465,-1.7469704084676505
-0.8134754362128607,-0.8985146603268466
-0.4741993943179793,0.6184472000807093
0.7489475323556926,-1.2632649876475164
1.8292593596858837,1.706567334383324
-1.6408824485824365,0.006152873034464185
-1.8325164037811617,-0.22507912417657688
-0.7191902878284764,0.8640520992543759
-0.6162899074414534,-1.2414013004052409
-1.6834241457372154,-0.3959434622013068
0.8974516840917215,-1.0363160536667748
1.24730423723248,0.6950841723449382
0.392840482930604,1.4310996284210735
0.8148950533304326,-0.8523977621099268
1.4544447393383093,1.7116961129862018
2.0197637858704036,0.34037357483390046
-2.03511830746373,0.5227675427056337
-1.4418741629164515,1.7382760067954597
-1.615494578266527,0.9352035121456308
-0.5580834649379507,0.38339611168449445
-1.467021859409537,1.7286069587238646
2.044212815984351,-1.6728583905359804
-0.42936596037756847,-0.9184294059987679
-1.1114477775967104,-0.891107020832502
0.3027114722469755,0.7171019593853738
1.6160011931812988,0.09297135776348545
-1.2552350240521337,-1.4056543709844915
1.0971666077655584,-1.8232176919669427
-1.780381386338209,0.5660795737127176
-0.791143724876682,1.8575919608546907
-1.0496266272813521,1.9455934200223735
1.1369641698312258,-0.2536180268126401
-1.0835646514937334,0.7809259980857685
-0.7631297153387742,-2.0394426253167413
0.15819399565955483,1.1600145962489918
0.7473535826887738,0.9718583084768007
-0.1357162193607631,1.460532643825062
-1.3338740119404144,-0.22495316420130304
1.019570703920722,0.8605401647749074
-1.4485489624382402,-0.04173585301206646
1.813943833490152,-1.124774699801715
-0.53512226567743,1.3797953687019546
0.3197248573314328,1.1653909152271626
-1.3433396205982708,0.09661470960318087
-0.653619736391946,1.8308124325800577
-0.4232289939292289,1.069509770150976
1.810533131589995,1.181579048210051
-1.808127629776881,0.18515725321967433
-0.9492760582189377,1.0068295888596155
-0.5750876864872241,0.7851321436922382
-0.2881439236389823,1.9668505846302495
-0.6863233031578269,-0.6068708336733462
0.7226539920942909,0.7916451336279552
1.881924297867947,-0.8882137080964319
0.9830154275941272,-1.9449264061803142
1.4147342337096565,-0.37017916831416897
-0.12136617996826786,-0.9602819170999148
-0.9835659376055683,-0.773374845912633
-0.20102216618732835,0.020269879053019135
1.8140331927591271,1.799322986844831
-1.897330628572153,1.298290446909096
0.27430745505149695,-0.28736955720302637
-0.21610318534232092,0.16330549012875104
0.014393553092135636,-0.9176266594688781
-1.899428411439928,0.8083970701691158
-1.2523124621319073,0.06839507539753126
0.6736070753658282,0.7010775250682916
1.1794590899141975,-1.6395332373312894
1.9032488088619248,-1.4848864560681228
1.6273651132246763,1.8472383936289085
0.5772291897556967,-0.1543981382832247
0.5714637403320708,1.607534379534931
-0.669302391059071,1.84728131882916
-1.0947415263330655,0.10446016778382511
1.702709191953659,1.7739291291037769
0.043097088699639824,1.9528616779404389
-1.9201693975900334,-1.4837751388753828
-1.413853592938056,0.6368933620387223
-0.682474401818804,0.13140665717630978
0.42206059401202545,0.9618676051384485
-1.1652698620409723,-1.9635805636065122
1.9533860513168564,1.1984244311552492
0.4709245397678005,-1.019630162084851
-0.7725923337176032,-1.571343744829814
0.12166134391607601,2.122964356322799
-0.007449260955185083,1.8566918669291026
-1.7513750722538317,1.0282182784250402
-0.14699138345327242,0.00807370782616132
-0.45182053084216667,-0.7170111494760758
-0.8533209356587849,-1.6405805090843166
0.27159015102170925,1.0926634003204745
-0.41199082678737664,0.12495744978483118
-0.9863661988935188,-1.7773167035094808
-0.2516742466232622,-2.031196810327298
0.6623508689061596,0.569231384782372
1.665846759988433,1.7251634910761413
-1.4257271437260266,0.9253010700214401
1.9343245993532499,1.6787025318883197
-1.728755278958636,-1.3160316328936896
0.8421323528408884,1.6724707466341004
1.0331350809979305,1.0473837820497263
1.6863047038288284,-1.0220824316655666
-1.7101147188390817,-1.8575153446969044
-0.2573105653277236,1.292289060595277
0.5582239448585852,1.3079049260630282
-0.5554331991819776,-1.886066497884059
0.45326735746014407,0.9037390534093191
0.5044131930324055,0.6418673203470289
0.738680887530216,0.3650422256592725
1.7353270531635685,1.7729129730992388
1.421378884632823,-1.857689727886379
-0.49736457407155665,1.3141433351991865
-0.9042631453730586,-1.5681660226835434
-1.0428808816499924,-1.97095078813528
0.4266780361465983,-0.7206910851688211
0.5559763383670983,1.20835224478028
-1.784943032824712,0.37426832566320606
-0.08094418108236473,0.6138208496397629
-1.4315113624150857,1.5434083173159174
-0.9703111499897474,1.7058934894883073
-1.262873978946785,1.0292326299967396
0.48554302560604956,0.7237268911150608
0.9065624495526814,0.8300292740126952
-0.3432352209952218,-0.08544194078978551
-1.8839965533461667,-1.1983596134494978
1.0901340829211543,-0.9163759900074722
-1.2507102995345347,-0.6247757850672259
-1.0260034574387196,1.854992774677857
1.393430367145179,1.4110058196386888
0.14328818626660186,1.1729109636332162
0.39967592768722926,-1.5670744354010477
-0.06113042281455228,-1.7583401277464072
1.0928421421424006,0.903886840247456
-0.04440739820047648,-1.9874864259958334
2.0033083682183164,-1.5853766262115991
-1.9749761373885142,-1.6996809859445197
-1.0937727574514033,-0.10504394087527741
-1.3685925879322052,-0.44077724108589034
1.339233387347102,1.7800408118443762
0.39963025221197,-0.14742542887627622
0.6556716009553054,0.24296766528824354
-0.6632139232981035,0.5278991602618321
-1.9533816606111127,-0.8675273549170636
-1.6751671219157884,-0.27921971432531134
0.9082414828204995,-0.8068081611832526
-1.470536980584139,-0.9857549318113975
-0.8441861274192934,0.8621349245060399
-0.9125941417773249,0.726954740468954
1.4744814808519329,1.7476438811822765
-0.03933820094588668,1.1577219890097679
0.5344988464051215,0.15623905997213583
-1.2767831365473434,-0.6924710043622193
1.74304024963611,-1.8539863600759408
0.37530190750707904,-0.6767148567819491
-1.5114963404788337,-1.498122055734037
-1.6578789904134839,-0.5895718527988089
-1.2383418823757573,0.8740476531395891
-1.3197142448296884,-0.49130772863114747
-0.4583065425136216,-0.42779299822910755
-0.9421221205466552,-0.5652825516105704
-1.26244697439465,-1.075398914735502
0.5008404321997335,1.1426322708860974
-0.8821530125175908,1.6395503733967238
-1.6777401521519342,0.4292942212289519
1.6825533757791875,1.0154117388216601
-1.6296615200488462,-0.6185627058062803
-0.645862205448452,0.8093341380067471
-1.5489501160465076,-0.0935359806160314
0.15524016334311513,-1.7079252622154895
-1.183363198521795,-1.3785374773133836
0.24869722617782167,-2.0495332956925614
-0.6648873890166483,0.17003397776134693
-1.8400837833985868,-0.9447151978808801
-1.0846740499658118,-1.8637315209081629
-0.9730078951451135,-0.48582867249067097
-1.648612595082411,1.659773436908423
1.4826650737106242,-0.4676330971407696
1.9271140196466772,0.009758664574696171
-0.5560488688759253,0.12069461960110245
1.732818994727644,-1.810840190463204
-1.8729869985553813,0.03214556087202275
-0.38825537526842036,-0.9876444481136021
1.6657748346550922,-0.5320284720847778
0.7671818608041752,0.2949906862006409
1.0394818127761416,-0.12570168787228148
-0.8321493380073255,0.7940938947873074
-0.07021084822042853,1.8129217791435117
-0.9250781351978903,-0.2607761410861763
0.9494261872887721,-0.5815886180048824
-1.3038748654265744,-1.91798626757572
-0.7739532958399126,-1.9771474434904959
-1.7297858947038705,1.8806545460828226
-1.6944839964439753,1.7841345525862191
1.0367914575421628,0.32735523642141884
-0.4980241862643442,0.6029448913741278
-1.9524520314585532,-0.9876868336587954
0.581143405184931,0.1987297778415126
1.457486170675223,0.24011278096827812
-0.1916317877602474,-0.8647312490659558
0.09524443751891676,-0.023912037182137635
-1.0736818168405715,0.9838216103615397
-1.324373175717576,-0.20709971631780488
0.22395489884731587,1.3056986611156916
1.4832435702099223,0.7029002177873396
-0.44664501838801923,1.8098636453164676
0.48062463364678454,0.29118826386511265
2.054100985691761,0.355248308705361
-0.927700231396022,1.4075960948158104
-0.5368729662533567,0.6059967044927604
-0.09845762936837299,-1.6619153087636367
-1.6419377948641984,1.2804206386218264
1.2746355006653478,-0.021370508606679176
-0.9751883440338601,-1.7146214794738304
1.3534424751197573,-1.8979517416393468
-0.5853630879281706,-0.8933737117931916
0.800404835192494,-0.43041448897641005
-0.08343379245962848,0.1606060923197296
-0.8823905855014538,-2.1052464272504983
-1.1818769934275124,0.12764544609080003
1.9575630391587386,-1.3468578518492968
-0.9727428172129143,-0.812206133653105
-1.6069986289264746,-2.0264177260627654
0.5411511707316004,1.3995369584756727
1.0078564392700757,-0.21656096467089395
-2.05065803080151,-0.7010300658578961
-1.2364826545244685,-1.3667905717798734
-1.3987852595690922,-1.6633348493691194
-1.4775056303598766,1.6492168419805529
1.1202232255216509,-0.17240215381567903
-1.6666896505973559,-0.5366690147214637
-0.46009202459820897,1.1547330167989645
-1.8568913899945696,-0.5717835088587959
-1.3784791705366306,0.2193400435141022
-0.976941958942593,-0.6993888337392417
1.9774994431948363,-0.548913639920341
0.4151876468151697,-0.6618324880177746
1.3897942734307565,-1.5869968840390674
1.2223385478135933,-1.3890362672547583
0.2543146315268916,1.3532649336145064
-1.4957174628483603,1.5225520115720264
1.4931997241326367,-1.9746981038161864
-0.27834077450263417,-0.04500612815932771
-1.69277694246336,1.682027593423856
0.5857508704132839,-1.0159129952715777
-0.5059271138193129,-0.2607246915419422
1.450886551642415,-0.8627068833614147
-1.6346613760359103,-1.4576741676402918
1.268551786586636,-0.6529229165665454
1.559604731919143,-1.5953207646685925
1.7728845553722004,1.1199888133071758
-0.6421877453717246,-0.5097665267204684
-0.6560406952906424,-1.011623768270161
0.9532825080600135,-1.1674809484289868
-0.8404266587606927,-0.02747722078612208
-0.955154506256956,-1.9019811915861264
-1.9426234275185408,0.9337357823751009
0.09090095560138939,1.0848631017555341
-0.3372204688715651,-1.494975184152605
1.6178095697887822,0.2409008126386953
-1.7725110232584917,0.12481224763047216
0.592028999820564,-1.634740902955985
1.8782706776482447,-1.650010832354244
1.4441185328623871,1.3476113343368676
0.5681426445194173,1.4657029290096262
-1.0942233093954206,0.19052204970122874
0.4142252486379947,-1.8527542523730904
2.126526536354162,2.0031414877718947
0.281005478069448,-1.5071549043242642
1.3286819469613376,1.1991972888444293
1.098637739137869,-0.2284617525536295
1.5125523562103924,1.7934241790459602
-1.3574871283699892,1.3867421567856162
1.8099700812861041,-0.8873710163896387
-1.5292675908529536,1.4867241573098369
-1.6574568849978766,-1.6852910684206297
-1.459066075576212,0.26358828453460587
0.8142598838793546,1.4745219267953191
0.8173743609586325,-1.4905105758228432
-0.7475162975882234,-1.0673937514661753
-0.9221774451350939,0.9889961654010282
-0.4324134162499796,1.184605321287725
-1.7838498473899045,-1.9438064524092693
0.20223696173635036,1.7904840654863918
-0.5283762677835696,1.859014415212888
0.09317257336422885,1.7757337044328778
-1.4959126679586763,1.3106269933469663
0.47737279166090896,1.9876521796693594
0.2942959822834554,0.849103340302569
-1.5482262321608806,0.857966503645767
0.3236803868284034,-0.5576224810256619
0.6476450681657449,1.5779650458778927
1.7303032097007285,0.11721701274422827
1.3401019012885977,-0.8493173089886792
0.3338832076966409,-1.4076160301373966
-0.3529111591874995,0.06550991307817733
-0.8352049748174587,-1.35115856529794
-1.9523216873316445,-1.8134024145197198
0.2685288030797318,-0.22775282241050937
-0.3609991934362965,-0.11293093402671238
0.2609772438112809,-1.425222101792451
1.836804117844858,0.1782134081535543
0.14852370231593562,0.1524800571316942
-2.0032032635676913,1.2767967346446836
1.0369860970751998,-0.7718644302802102
1.061719465098198,-1.3297720043276682
-0.8051529848408487,-1.0161355096839886
-1.3981280505163938,-0.9994593249693071
-1.8728195516223296,-0.02897006881833647
0.23297476746524545,-0.4585417592064775
-0.4963209834177688,1.1678451183418121
-0.6872629994106536,-0.3763693794372804
0.7612515733554075,-1.830277547032325
-0.8179642659528954,1.4693496480370472
1.055730099759832,1.1124423814243762
-1.3001711973629329,-0.8403175979623707
0.9354284694973783,-0.775728295827826
-0.06471962899796327,-1.2269610929902275
-1.7241233767200792,0.5562274149973325
1.747343199213618,1.7381308909766564
-1.4386377862984048,0.7501481276244459
-1.305901818556496,-0.41546638889472626
1.4355578801210183,1.7063164453896351
-0.6582863389325334,1.8139961278790195
-1.337013598036539,-0.546312385109359
0.288883169477684,1.8151290756549021
-1.4095665899153318,1.5680768897593222
0.9658109190907945,-1.7343964536025513
-0.08706665929551251,0.9526069203563757
0.0001801274018757848,1.1021034153387606
-0.10218676643184088,-1.7261245768363334
-1.6691654519686925,-1.6494970776575866
-1.6381470190427159,-0.7488622862878631
-0.8109546658653455,-0.9654870463621331
-1.0874287135444962,1.783523394333478
1.8697154802192162,-0.1680250457320296
0.9157093529877743,1.5492190656344953
2.0730141036154315,-0.5767578865167344
-1.1411886538215725,1.601564272651027
0.9441990361456187,-1.2816597792409021
-1.9034318231970033,0.930509935240084
-1.5089651510361168,1.4593121548752634
-0.5181098439117963,1.087453769607638
-0.9298520541597431,1.5918889280908703
1.9313410534536453,1.9917328667562615
1.3830243950881218,0.39669743902548416
0.8300605202492125,-0.9047633117747411
-0.5117219823852004,0.08919297448034746
-0.20001295161596735,0.38900956223471905
-1.5766086295038386,1.7985599106457568
-0.8135279111524993,-1.622444459667218
0.7257596644076673,-0.15073197394321067
-1.9593477305402156,-0.3532271696706972
-1.5553422144358828,-0.5530270056652319
-0.2341626150180665,-1.6873949148365903
0.9954940776175775,-1.6268291457687756
-0.6564409974928066,-1.0094431312035363
0.8892283836414918,1.514212486673907
-1.4791722669067715,-1.7437621667532737
-0.3551995594205636,-0.09082611853874911
-1.3148226714523015,1.9754893484124059
0.5730776024388126,-2.0622623778592852
0.3857208287178652,-1.7580030380194092
-1.6243815674969948,0.9991498412920046
-0.15945828196489623,1.3984761337396683
1.2224138027800617,-1.7150926278563774
-0.2318399091016458,0.03843095378270042
-1.12425576393177,0.12575482940627242
0.9930073612156701,-1.4783779850225849
-0.30559306562078303,2.2016344957853433
0.02958543808761018,1.4812651918283182
-1.0143536635317922,0.5005676057355991
1.9427975118722762,-1.9967777254088328
0.3567373309569941,1.075609836903577
1.7212143242815852,-1.9012222798635405
-0.213745599298346,-0.024226348850040713
0.2315221812968771,-0.6445410710937678
-1.2103950372820236,0.7486794074766934
-0.41570021289352765,0.9895659122506285
1.1298026856952792,0.49919681825197193
1.623787872743324,-0.9860328785172167
0.8324611619696385,-0.046057141683148575
-0.5671744927607926,1.7039944572013277
-2.102609992008844,1.263212929840753
0.23325308533672143,0.14173421543877845
-0.7276136233712577,-0.39335599068982735
1.535983066128204,-0.5704697066068888
-2.0065107104093145,-0.9225437963704978
0.13313211303981434,-0.6635873251783109
-0.9276303851739112,-1.8197415030719335
-1.387112515277463,-1.640231211449331
0.7756825330036163,-1.672258328064837
0.03271090599231119,-0.8695925142444901
-1.2224680892743538,-0.44634823044106753
-1.1984822323675388,-1.3041627003536915
1.0760069420308573,-0.9433098914823421
-1.4211549819665306,0.8489935472367811
0.09641545817616076,-1.3673134533479203
-1.0323466512324742,-2.048308715711009
-1.4262516852370433,-1.7613700924246867
1.6716602258769784,1.1571223469715244
0.3468060328834356,0.43371314485840134
1.5853842631793595,0.13425865358568018
-0.5648977641610171,1.4069995541033702
-0.5218466792531233,-1.2844919337504839
-0.5771034287280851,0.5544481875443921
0.8326265182104127,0.9130696566772574
0.5586658938608248,0.6964440497057173
1.006972025452028,-0.9893357714689318
1.9287395552450592,0.20533571263113917
2.102197230167207,-0.9769749553256103
-0.04330743909181703,-0.7018281713220292
1.253594001201385,1.8924122358453648
-0.5985825313298954,2.072434821050363
0.8931671557903555,-1.2671384175286917
0.12392931447922909,-1.9018093957847626
-0.24729414641355388,0.46416257906439745
0.980655501699087,1.4851920826408063
-0.30433407719571,-1.9701520642773154
-1.8806769060600288,1.475333675865927
1.8751912603941394,0.7500067083339506
0.4435781326456126,1.4544028362417298
0.8813870559067617,-0.8662370920080128
1.7019619565450699,0.042546867632458296
0.7861822501642178,0.33403546322528954
0.39398155887807484,1.5158991663078403
-0.6155591413520461,-0.7981465936872258
0.20190851156617004,-1.0202708793922124
1.659305570915087,0.7412357749570615
0.7090024084435562,-0.9135329231405869
0.2329102306921529,1.5066579387167116
0.22155120463318104,0.550651156506923
0.5980897784565188,0.4413409869032575
-1.6876811123787498,-0.3254327673556074
-1.8824636405067867,1.5176254219200982
0.8027658151716133,0.7525879586940685
1.7045739450105417,1.5672642915194865
0.08166671797221495,0.44982934099611926
-1.7088709545269332,-1.0101892158646848
